GBS Taxon ID,Accession,Group,Latitude,Longitude,Altitude,DTA_BLUP,DTS_BLUP,PH_BLUP,PresTiller_BLUP
13S058902.250394412,ZM15-044,C. Mexico Low,22.72453,-105.6148,17,72.05121591,74.00146696,278.0230964,-0.156159265
13S058904.250394413,ZM15-044,C. Mexico Low,22.72453,-105.6148,17,NA,NA,NA,NA
13S058905.250394414,ZM15-044,C. Mexico Low,22.72453,-105.6148,17,70.67682826,73.33560685,262.4054322,-0.02986083
RIMMA0696.1.250049125,Mex_Low:Tuxpeno,C. Mexico Low,16.51666667,-90.16666667,30,NA,NA,NA,NA
RIMMA0703.1.250049206,Mex_Low:Nal_Tel,C. Mexico Low,20.83333333,-88.51666667,30,NA,NA,NA,NA
RIMMA0720.1.250049147,Mex_Low:Negro_de_Tierra_C,C. Mexico Low,15.46666667,-88.85,39,NA,NA,NA,NA
RIMMA0710.1.250049117,Mex_Low:Tepecintle,C. Mexico Low,15.33333333,-92.63333333,91,NA,NA,NA,NA
RIMMA0716.1.250049137,Mex_Low:Zapalote_Grande,C. Mexico Low,15.31666667,-92.66666667,91,NA,NA,NA,NA
RIMMA0409.1.250049161,Mex_Low:Tepecintle,C. Mexico Low,15.43333333,-92.9,107,NA,NA,NA,NA
RIMMA0733.1.250049138,Mex_Low:Zapalote_Chico,C. Mexico Low,16.56666667,-94.61666667,107,NA,NA,NA,NA
RIMMA0729.1.250049205,Mex_Low:Tepecintle,C. Mexico Low,15.4,-89.66666667,122,NA,NA,NA,NA
RIMMA0615.1.250049188,Mex_Low:Tuxpeno,C. Mexico Low,20.13333333,-97.2,152,NA,NA,NA,NA
RIMMA0628.1.250049165,Mex_Low:Tuxpeno_Norteno,C. Mexico Low,23.31666667,-99.01666667,300,NA,NA,NA,NA
RIMMA0433.1.250049131,Mex_Low:Nal_Tel_ATB,C. Mexico Low,14.71666667,-89.5,457,NA,NA,NA,NA
RIMMA0700.1.250049136,Mex_Low:Olotillo,C. Mexico Low,16.75,-93.16666667,579,NA,NA,NA,NA
RIMMA0701.1.250049146,Mex_Low:Olotillo,C. Mexico Low,16.6,-92.71666667,686,NA,NA,NA,NA
RIMMA0722.1.250049181,Mex_Low:Dzit_Bacal,C. Mexico Low,14.33333333,-89.71666667,737,NA,NA,NA,NA
RIMMA0619.1.250049151,Mex_Low:Pepitilla,C. Mexico Low,18.35,-99.53333333,747,NA,NA,NA,NA
RIMMA0709.1.250049204,Mex_Low:Tehua,C. Mexico Low,16.5,-92.5,747,NA,NA,NA,NA
RIMMA0721.1.250049169,Mex_Low:Nal_Tel_ATB,C. Mexico Low,14.61666667,-90.08333333,915,NA,NA,NA,NA
RIMMA0702.1.250049168,Mex_Low:Negro_de_Tierra_C,C. Mexico Low,14.46666667,-90.75,1052,NA,NA,NA,NA
RIMMA0730.1.250049118,Mex_Low:Quicheno_Late,C. Mexico Low,14.48333333,-90.8,1067,NA,NA,NA,NA
RIMMA0727.1.250049193,Mex_Low:Comiteco,C. Mexico Low,14.4,-90.46666667,1151,NA,NA,NA,NA
RIMMA0712.1.250049126,Mex_Low:Oloton,C. Mexico Low,15.28333333,-90.25,1220,NA,NA,NA,NA
RIMMA0441.1.250049187,Mex_Low:Coscomatepec,C. Mexico Low,19.16666667,-96.96666667,1320,NA,NA,NA,NA
RIMMA0731.1.250049127,Mex_Low:Bolita,C. Mexico Low,16.78333333,-96.66666667,1520,NA,NA,NA,NA
RIMMA0682.1.250049179,Mex_High:Tablilla_de_Ocho,C. Mexico High,22.11666667,-103.2333333,1700,NA,NA,NA,NA
RIMMA0620.1.250049155,Mex_High:Celaya,C. Mexico High,20.21666667,-100.8833333,1799,NA,NA,NA,NA
RIMMA0616.1.250049200,Mex_High:Zamorano_Amarill,C. Mexico High,20.81666667,-102.7666667,1800,NA,NA,NA,NA
RIMMA0621.1.250049133,Mex_High:Zamorano_Amarill,C. Mexico High,21.11666667,-101.6833333,1870,NA,NA,NA,NA
RIMMA0680.1.250049167,Mex_High:Tabloncillo,C. Mexico High,20.36666667,-102.1666667,1890,NA,NA,NA,NA
RIMMA0687.1.250049191,Mex_High:Conico_Norteno,C. Mexico High,20.38333333,-100,1921,NA,NA,NA,NA
RIMMA0677.1.250049145,Mex_High:Conico_Norteno,C. Mexico High,21.36666667,-102.85,1951,NA,NA,NA,NA
RIMMA0614.1.250049176,Mex_High:Mountain_Yellow,C. Mexico High,19.95,-103.7666667,2060,NA,NA,NA,NA
RIMMA0422.1.250049130,Mex_High:Elotes_Conicos,C. Mexico High,19.1,-98.3,2200,NA,NA,NA,NA
RIMMA0630.1.250049177,Mex_High:Arrocillo_Amaril,C. Mexico High,19.8,-97.25,2220,NA,NA,NA,NA
RIMMA0421.1.250049122,Mex_High:Conico,C. Mexico High,19.85,-97.98333333,2250,NA,NA,NA,NA
RIMMA0672.1.250049124,Mex_High:Chalqueno,C. Mexico High,19.68333333,-99.13333333,2256,NA,NA,NA,NA
RIMMA0670.1.250049202,Mex_High:San_Marceno,C. Mexico High,14.96666667,-91.76666667,2378,NA,NA,NA,NA
RIMMA0671.1.250049152,Mex_High:Salpor_Tardio,C. Mexico High,14.76666667,-91.25,2477,NA,NA,NA,NA
RIMMA0623.1.250049143,Mex_High:Palomero_de_Jali,C. Mexico High,20.03333333,-103.6833333,2520,NA,NA,NA,NA
RIMMA0625.1.250049194,Mex_High:Cacahuacintle,C. Mexico High,19,-97.38333333,2600,NA,NA,NA,NA
RIMMA0674.1.250049135,Mex_High:Toluca,C. Mexico High,19.28333333,-99.66666667,2652,NA,NA,NA,NA
13S031201.250394400,ZM12-003:Mayo_Batchi,N. Mexico Low,26.75,-109.4,65,73.41197043,74.92575969,276.9778665,-0.179474489
13S058010.250394384,ZM12-003:Mayo_Batchi,N. Mexico Low,26.75,-109.4,65,73.39076649,75.35450658,261.8621229,-0.233207333
13S058007.250394440,ZM12-003:Mayo_Batchi,N. Mexico Low,26.75,-109.4,65,NA,NA,NA,NA
13S011002.250394328,ZM18-009:Mayo_Tuxpeno,N. Mexico Low,26.9,-109.38,92,75.55151523,77.98200935,280.4988922,-0.232521377
13S011008.250394329,ZM18-009:Mayo_Tuxpeno,N. Mexico Low,26.9,-109.38,92,NA,NA,NA,NA
13S030606.250394398,ZM18-009:Mayo_Tuxpeno,N. Mexico Low,26.9,-109.38,92,NA,NA,NA,NA
13S030608.250394399,ZM18-009:Mayo_Tuxpeno,N. Mexico Low,26.9,-109.38,92,NA,NA,NA,NA
13S035503.250394192,ZM18-012:Yoeme_Vatchi,N. Mexico Low,27.63167,-110.4082,100,71.91272241,72.47364513,252.1721536,-0.150995565
13S035510.250394404,ZM18-012:Yoeme_Vatchi,N. Mexico Low,27.63167,-110.4082,100,NA,NA,NA,NA
13S053301.250394209,ZM18-012:Yoeme_Vatchi,N. Mexico Low,27.63167,-110.4082,100,NA,NA,NA,NA
13S010906.250394326,ZM06-009:Onaveno,N. Mexico Low,26.41224,-108.6191,190,NA,NA,NA,NA
13S012508.250394334,ZM05-010:Chapalote_Pinole_Maiz,N. Mexico Low,26.41224,-108.6191,190,71.9151903,73.81491008,277.9236852,-0.126176854
13S015103.250394289,ZM09-001:Mayo_Tosabatchi,N. Mexico Low,26.41224,-108.6191,190,69.70809316,73.65810952,256.9923197,0.059535255
13S016603.250394294,ZM11-008:Tarahumara_Harinoso_de_Ocho,N. Mexico Low,26.41224,-108.6191,190,70.72416116,74.30377297,267.2868163,0.001948131
13S016605.250394287,ZM11-008:Tarahumara_Harinoso_de_Ocho,N. Mexico Low,26.41224,-108.6191,190,68.26664216,71.05452322,253.7059499,-0.009575627
13S055803.250394380,ZM06-009:Onaveno,N. Mexico Low,26.41224,-108.6191,190,70.52301094,72.34546565,280.6318778,-0.037285776
13S056003.250394431,ZM09-001:Mayo_Tosabatchi,N. Mexico Low,26.41224,-108.6191,190,NA,NA,NA,NA
13S059303.250394417,ZM05-010:Chapalote_Pinole_Maiz,N. Mexico Low,26.41224,-108.6191,190,73.26539044,77.30854375,283.1233835,-0.034028773
13S010907.250394327,ZM06-009:Onaveno,N. Mexico Low,26.41224,-108.6191,190,70.59220166,72.50760156,248.6211393,-0.00099114
13S016606.250394296,ZM11-008:Tarahumara_Harinoso_de_Ocho,N. Mexico Low,26.41224,-108.6191,190,NA,NA,NA,NA
13S016607.250394297,ZM11-008:Tarahumara_Harinoso_de_Ocho,N. Mexico Low,26.41224,-108.6191,190,NA,NA,NA,NA
13S055811.250394381,ZM06-009:Onaveno,N. Mexico Low,26.41224,-108.6191,190,NA,NA,NA,NA
13S056001.250394430,ZM09-001:Mayo_Tosabatchi,N. Mexico Low,26.41224,-108.6191,190,71.27818864,74.65432376,266.2430152,-0.057854225
13S059304.250394418,ZM05-010:Chapalote_Pinole_Maiz,N. Mexico Low,26.41224,-108.6191,190,NA,NA,NA,NA
13S008604.250394318,ZM08-005:Mayo_Yellow_Chapalote,N. Mexico Low,27.167,-109.03,200,NA,NA,NA,NA
13S011411.250394330,ZM04-036:Mayo_Cacabatchi,N. Mexico Low,27.01501,-109,200,71.21919146,74.60227029,269.6126092,0.34290134
13S011412.250394072,ZM04-036:Mayo_Cacabatchi,N. Mexico Low,27.01501,-109,200,NA,NA,NA,NA
13S043905.250394409,ZM08-005:Mayo_Yellow_Chapalote,N. Mexico Low,27.167,-109.03,200,NA,NA,NA,NA
13S008605.250394319,ZM08-005:Mayo_Yellow_Chapalote,N. Mexico Low,27.167,-109.03,200,NA,NA,NA,NA
13S022501.250394391,ZM08-005:Mayo_Yellow_Chapalote,N. Mexico Low,27.167,-109.03,200,72.02338723,74.90430016,255.3537284,-0.028171105
13S051702.250394375,ZM04-036:Mayo_Cacabatchi,N. Mexico Low,27.01501,-109,200,NA,NA,NA,NA
13S017001.250394128,ZM18-015:Dia_de_San_Juan,N. Mexico Low,26.95,-108.9,350,NA,NA,NA,NA
13S017005.250394130,ZM18-015:Dia_de_San_Juan,N. Mexico Low,26.95,-108.9,350,NA,NA,NA,NA
13S017004.250394129,ZM18-015:Dia_de_San_Juan,N. Mexico Low,26.95,-108.9,350,71.26111455,71.86439751,268.570399,-0.036683407
13S017007.250394302,ZM18-015:Dia_de_San_Juan,N. Mexico Low,26.95,-108.9,350,72.94918449,75.16606617,256.7222154,-0.155039558
13S015301.250394290,ZM07-001:Reventador,N. Mexico Low,29.42801,-110.385,432,69.57211728,72.51591881,247.4914065,0.058724648
13S015305.250394291,ZM07-001:Reventador,N. Mexico Low,29.42801,-110.385,432,70.0926573,72.43601373,257.9270969,0.004128628
13S052901.250394204,ZM07-001:Reventador,N. Mexico Low,29.42801,-110.385,432,NA,NA,NA,NA
13S052907.250394205,ZM07-001:Reventador,N. Mexico Low,29.42801,-110.385,432,NA,NA,NA,NA
13S010801.250394324,ZM15-018:Guarijio_Maiz_Azul,N. Mexico Low,27.38833,-108.8343,500,NA,NA,NA,NA
13S017401.250394131,ZM06-008:Guarijio_Maiz_Amarillo,N. Mexico Low,27.38833,-108.8343,500,NA,NA,NA,NA
13S030209.250394185,ZM06-008:Guarijio_Maiz_Amarillo,N. Mexico Low,27.38833,-108.8343,500,66.59495121,67.91966197,244.6913613,-0.022642097
13S055901.250394429,ZM15-018:Guarijio_Maiz_Azul,N. Mexico Low,27.38833,-108.8343,500,NA,NA,NA,NA
13S010802.250394071,ZM15-018:Guarijio_Maiz_Azul,N. Mexico Low,27.38833,-108.8343,500,NA,NA,NA,NA
13S010803.250394325,ZM15-018:Guarijio_Maiz_Azul,N. Mexico Low,27.38833,-108.8343,500,70.27575709,75.60237546,267.9957961,-0.161822133
13S017402.250394132,ZM06-008:Guarijio_Maiz_Amarillo,N. Mexico Low,27.38833,-108.8343,500,NA,NA,NA,NA
13S017406.250394133,ZM06-008:Guarijio_Maiz_Amarillo,N. Mexico Low,27.38833,-108.8343,500,NA,NA,NA,NA
13S030201.250394184,ZM06-008:Guarijio_Maiz_Amarillo,N. Mexico Low,27.38833,-108.8343,500,NA,NA,NA,NA
13S012901.250394083,ZM06-005:Tarahumara_Chomo,N. Mexico Low,26.55,-107.55,550,NA,NA,NA,NA
13S059008.250394416,ZM06-005:Tarahumara_Chomo,N. Mexico Low,26.55,-107.55,550,NA,NA,NA,NA
13S012903.250394335,ZM06-005:Tarahumara_Chomo,N. Mexico Low,26.55,-107.55,550,71.21179655,75.8148739,280.5367408,0.103207467
13S012905.250394336,ZM06-005:Tarahumara_Chomo,N. Mexico Low,26.55,-107.55,550,NA,NA,NA,NA
13S059007.250394415,ZM06-005:Tarahumara_Chomo,N. Mexico Low,26.55,-107.55,550,69.40898903,72.95813243,286.1091657,0.036112816
13S012202.250394331,ZM06-001:Tarahumara,N. Mexico Mid,27.2,-107.5,1100,NA,NA,NA,NA
13S012206.250394333,ZM06-001:Tarahumara,N. Mexico Mid,27.2,-107.5,1100,73.38510206,78.23119686,291.77027,0.160126886
13S012203.250394332,ZM06-001:Tarahumara,N. Mexico Mid,27.2,-107.5,1100,NA,NA,NA,NA
12S052601.250054282,PI_629147:Coahuila,N. Mexico Mid,25.45,-102.1833333,1400,NA,NA,NA,NA
12S053201.250054284,PI_629147:Coahuila,N. Mexico Mid,25.45,-102.1833333,1400,NA,NA,NA,NA
13S018404.250394138,ZM16-002:Mountain_Pima_Bola,N. Mexico Mid,28.41762,-108.3627,1400,NA,NA,NA,NA
13S029702.250394179,ZM17-021:Mountain_Pima_Cristalino_de_Chihuahua,N. Mexico Mid,28.41762,-108.3627,1400,NA,NA,NA,NA
13S039902.250394146,ZM16-003:Mountain_Pima_Lloron,N. Mexico Mid,28.41762,-108.3627,1400,67.13805082,69.35069431,253.7314466,-0.103555432
13S050306.250394283,ZM16-003:Mountain_Pima_Lloron,N. Mexico Mid,28.41762,-108.3627,1400,NA,NA,NA,NA
13S052502.250394203,ZM17-021:Mountain_Pima_Cristalino_de_Chihuahua,N. Mexico Mid,28.41762,-108.3627,1400,66.88123763,69.23651489,260.1870897,0.078275415
13S058501.250394442,ZM16-002:Mountain_Pima_Bola,N. Mexico Mid,28.41762,-108.3627,1400,NA,NA,NA,NA
12S053001.250054283,PI_629147:Coahuila,N. Mexico Mid,25.45,-102.1833333,1400,NA,NA,NA,NA
12S053501.250054285,PI_629147:Coahuila,N. Mexico Mid,25.45,-102.1833333,1400,NA,NA,NA,NA
12S053601.250054286,PI_629147:Coahuila,N. Mexico Mid,25.45,-102.1833333,1400,NA,NA,NA,NA
13S018406.250394461,ZM16-002:Mountain_Pima_Bola,N. Mexico Mid,28.41762,-108.3627,1400,NA,NA,NA,NA
13S018409.250394303,ZM16-002:Mountain_Pima_Bola,N. Mexico Mid,28.41762,-108.3627,1400,NA,NA,NA,NA
13S029704.250394180,ZM17-021:Mountain_Pima_Cristalino_de_Chihuahua,N. Mexico Mid,28.41762,-108.3627,1400,NA,NA,NA,NA
13S039904.250394147,ZM16-003:Mountain_Pima_Lloron,N. Mexico Mid,28.41762,-108.3627,1400,NA,NA,NA,NA
13S050304.250394282,ZM16-003:Mountain_Pima_Lloron,N. Mexico Mid,28.41762,-108.3627,1400,63.8548828,66.05490283,224.7699173,-0.016042636
13S052501.250394377,ZM17-021:Mountain_Pima_Cristalino_de_Chihuahua,N. Mexico Mid,28.41762,-108.3627,1400,68.62318427,71.77727172,256.981493,0.147071223
13S019401.250394385,ZM09-004:Tarahumara_Blando_de_Sonora,N. Mexico Mid,30.19784,-107.6936,1421,NA,NA,NA,NA
13S019405.250394387,ZM09-004:Tarahumara_Blando_de_Sonora,N. Mexico Mid,30.19784,-107.6936,1421,71.61258205,76.24336226,273.7667028,-0.008111695
13S019402.250394386,ZM09-004:Tarahumara_Blando_de_Sonora,N. Mexico Mid,30.19784,-107.6936,1421,71.19397673,75.05584577,270.0565943,0.183062271
13S031605.250394401,ZM09-004:Tarahumara_Blando_de_Sonora,N. Mexico Mid,30.19784,-107.6936,1421,NA,NA,NA,NA
13S009801.250393998,ZM15-003:Mountain_Pima_Maiz_Azul,N. Mexico Mid,28.39368,-108.6627,1500,NA,NA,NA,NA
13S009803.250393999,ZM15-003:Mountain_Pima_Maiz_Azul,N. Mexico Mid,28.39368,-108.6627,1500,NA,NA,NA,NA
13S010401.250394460,ZM09-007:Mountain_Pima_Blando_de_Sonora,N. Mexico Mid,28.39368,-108.6627,1500,NA,NA,NA,NA
13S010404.250394069,ZM09-007:Mountain_Pima_Blando_de_Sonora,N. Mexico Mid,28.39368,-108.6627,1500,71.12056245,73.46486621,265.1100148,0.002857856
13S014803.250394121,ZM15-043:Tepehuan_Maiz_Azul,N. Mexico Mid,26.05,-105.517,1500,NA,NA,NA,NA
13S016901.250394298,ZM04-008:Mountain_Pima_Maiz_Dulce,N. Mexico Mid,28.39368,-108.6627,1500,71.67920836,74.59505193,266.1207757,0.191735136
13S016911.250394301,ZM04-008:Mountain_Pima_Maiz_Dulce,N. Mexico Mid,28.39368,-108.6627,1500,NA,NA,NA,NA
13S031904.250394186,ZM20-003:Mountain_Pima_Maiz_Ancho,N. Mexico Mid,28.39368,-108.6627,1500,NA,NA,NA,NA
13S057107.250394434,ZM20-003:Mountain_Pima_Maiz_Ancho,N. Mexico Mid,28.39368,-108.6627,1500,NA,NA,NA,NA
13S009809.250394459,ZM15-003:Mountain_Pima_Maiz_Azul,N. Mexico Mid,28.39368,-108.6627,1500,NA,NA,NA,NA
13S009812.250394000,ZM15-003:Mountain_Pima_Maiz_Azul,N. Mexico Mid,28.39368,-108.6627,1500,67.66921864,71.48491913,247.3416842,0.161399984
13S010405.250394448,ZM09-007:Mountain_Pima_Blando_de_Sonora,N. Mexico Mid,28.39368,-108.6627,1500,69.01271107,72.36133358,261.3885082,-0.002330514
13S016903.250394299,ZM04-008:Mountain_Pima_Maiz_Dulce,N. Mexico Mid,28.39368,-108.6627,1500,72.42736253,75.78240564,272.4725381,0.145034477
13S016904.250394300,ZM04-008:Mountain_Pima_Maiz_Dulce,N. Mexico Mid,28.39368,-108.6627,1500,NA,NA,NA,NA
13S034603.250394403,ZM09-007:Mountain_Pima_Blando_de_Sonora,N. Mexico Mid,28.39368,-108.6627,1500,NA,NA,NA,NA
13S051401.250394201,ZM15-003:Mountain_Pima_Maiz_Azul,N. Mexico Mid,28.39368,-108.6627,1500,NA,NA,NA,NA
13S057102.250394433,ZM20-003:Mountain_Pima_Maiz_Ancho,N. Mexico Mid,28.39368,-108.6627,1500,NA,NA,NA,NA
13S012601.250394080,ZM11-001:Mountain_Pima_Maiz_Ancho,N. Mexico Mid,28.26,-108.28,1590,66.29395515,67.47227629,269.949306,0.008630642
13S012602.250394081,ZM11-001:Mountain_Pima_Maiz_Ancho,N. Mexico Mid,28.26,-108.28,1590,NA,NA,NA,NA
13S012608.250394082,ZM11-001:Mountain_Pima_Maiz_Ancho,N. Mexico Mid,28.26,-108.28,1590,NA,NA,NA,NA
13S053608.250394212,ZM11-001:Mountain_Pima_Maiz_Ancho,N. Mexico Mid,28.26,-108.28,1590,66.43686819,67.02404108,253.5979369,0.190928713
13S010005.250394321,ZM06-013:Tarahumara_Maiz_Caliente,N. Mexico Mid,26.35,-107.4,1600,NA,NA,NA,NA
13S053906.250394245,ZM06-013:Tarahumara_Maiz_Caliente,N. Mexico Mid,26.35,-107.4,1600,NA,NA,NA,NA
13S010012.250394322,ZM06-013:Tarahumara_Maiz_Caliente,N. Mexico Mid,26.35,-107.4,1600,NA,NA,NA,NA
13S053902.250394213,ZM06-013:Tarahumara_Maiz_Caliente,N. Mexico Mid,26.35,-107.4,1600,NA,NA,NA,NA
13S013002.250394084,ZM10-004:Tarahumara_Harinoso_de_Ocho,N. Mexico Mid,27.25,-108,1700,NA,NA,NA,NA
13S013603.250394086,ZM11-002:Tarahumara_Maiz_Pinto,N. Mexico Mid,27.25,-108,1700,NA,NA,NA,NA
13S014704.250394373,ZM21-008:High_Chihuahua,N. Mexico Mid,27.25,-108,1700,68.15730362,70.81857178,258.8005375,0.074259042
13S014705.250394374,ZM21-008:High_Chihuahua,N. Mexico Mid,27.25,-108,1700,NA,NA,NA,NA
13S018801.250394304,ZM18-001:Tarahumara_Tuxpeno,N. Mexico Mid,27.25,-108,1700,NA,NA,NA,NA
13S019802.250394389,ZM17-028:Tarahumara_Gileno,N. Mexico Mid,27.25,-108,1700,NA,NA,NA,NA
13S019805.250394053,ZM17-028:Tarahumara_Gileno,N. Mexico Mid,27.25,-108,1700,NA,NA,NA,NA
13S029802.250394181,ZM16-007:Tarahumara_Cerocahui,N. Mexico Mid,27.25,-108,1700,NA,NA,NA,NA
13S050403.250394284,ZM11-002:Tarahumara_Maiz_Pinto,N. Mexico Mid,27.25,-108,1700,68.5879973,71.3704038,249.852648,0.114147821
13S050703.250394286,ZM10-004:Tarahumara_Harinoso_de_Ocho,N. Mexico Mid,27.25,-108,1700,NA,NA,NA,NA
13S055004.250394379,ZM18-001:Tarahumara_Tuxpeno,N. Mexico Mid,27.25,-108,1700,72.20624144,73.0914578,298.9057192,-0.061693709
13S056403.250394382,ZM16-007:Tarahumara_Cerocahui,N. Mexico Mid,27.25,-108,1700,NA,NA,NA,NA
13S013605.250394339,ZM11-002:Tarahumara_Maiz_Pinto,N. Mexico Mid,27.25,-108,1700,NA,NA,NA,NA
13S018808.250394141,ZM18-001:Tarahumara_Tuxpeno,N. Mexico Mid,27.25,-108,1700,NA,NA,NA,NA
13S018809.250394423,ZM18-001:Tarahumara_Tuxpeno,N. Mexico Mid,27.25,-108,1700,NA,NA,NA,NA
13S029806.250394182,ZM16-007:Tarahumara_Cerocahui,N. Mexico Mid,27.25,-108,1700,66.88001222,68.68519789,242.7704915,0.045146721
13S030105.250394183,ZM11-002:Tarahumara_Maiz_Pinto,N. Mexico Mid,27.25,-108,1700,69.30755063,71.44081857,271.7171893,0.047566619
13S038401.250394143,ZM17-028:Tarahumara_Gileno,N. Mexico Mid,27.25,-108,1700,NA,NA,NA,NA
13S050701.250394285,ZM10-004:Tarahumara_Harinoso_de_Ocho,N. Mexico Mid,27.25,-108,1700,NA,NA,NA,NA
13S050706.250394295,ZM10-004:Tarahumara_Harinoso_de_Ocho,N. Mexico Mid,27.25,-108,1700,NA,NA,NA,NA
13S056301.250394432,ZM17-028:Tarahumara_Gileno,N. Mexico Mid,27.25,-108,1700,65.60103903,67.55447237,244.2409993,0.072507865
13S056406.250394383,ZM16-007:Tarahumara_Cerocahui,N. Mexico Mid,27.25,-108,1700,NA,NA,NA,NA
13S059705.250394422,ZM15-043:Tepehuan_Maiz_Azul,N. Mexico Mid,26.05,-105.517,1655,NA,NA,NA,NA
13S014804.250394288,ZM15-043:Tepehuan_Maiz_Azul,N. Mexico Mid,26.05,-105.517,1655,74.63520213,79.17933128,271.6094743,-0.015034766
13S059701.250394421,ZM15-043:Tepehuan_Maiz_Azul,N. Mexico Mid,26.05,-105.517,1655,73.83505959,78.04776268,264.8590813,-0.08072521
RIMMA0417.1.250049197,Mex_High:Azul,N. Mexico High,28.55,-107.4833333,2040,NA,NA,NA,NA
RIMMA0418.1.250049149,Mex_High:Gordo,N. Mexico High,28.56666667,-107.4833333,2040,NA,NA,NA,NA
RIMMA0423.1.250049157,Mex_High:Cristalino_de_Chihuahua,N. Mexico High,29.21666667,-108.1333333,2095,NA,NA,NA,NA
13S010702.250394323,ZM19-006:Tepehuan_Maiz_Colorado,N. Mexico High,26.25,-107,2100,NA,NA,NA,NA
13S010704.250394070,ZM19-006:Tepehuan_Maiz_Colorado,N. Mexico High,26.25,-107,2100,NA,NA,NA,NA
13S012106.250394077,ZM22-002:Tepehuan_Maiz_Rosero,N. Mexico High,26.25,-107,2100,NA,NA,NA,NA
13S012107.250394078,ZM22-002:Tepehuan_Maiz_Rosero,N. Mexico High,26.25,-107,2100,NA,NA,NA,NA
13S013103.250394337,ZM17-038:Tarahumara_Golden_Cristalino,N. Mexico High,27.583,-107.78,2100,NA,NA,NA,NA
13S014301.250394340,ZM21-015:High_Chihuahua,N. Mexico High,27.16,-107.58,2100,NA,NA,NA,NA
13S015701.250394123,ZM16-006:Tepehaun_Elote,N. Mexico High,26.25,-107,2100,66.15008014,68.92313097,256.7478061,0.102951815
13S057201.250394435,ZM17-038:Tarahumara_Golden_Cristalino,N. Mexico High,27.583,-107.78,2100,NA,NA,NA,NA
13S057503.250394436,ZM16-006:Tepehaun_Elote,N. Mexico High,26.25,-107,2100,NA,NA,NA,NA
13S059402.250394419,ZM21-015:High_Chihuahua,N. Mexico High,27.16,-107.58,2100,NA,NA,NA,NA
13S012108.250394079,ZM22-002:Tepehuan_Maiz_Rosero,N. Mexico High,26.25,-107,2100,NA,NA,NA,NA
13S015704.250394124,ZM16-006:Tepehaun_Elote,N. Mexico High,26.25,-107,2100,NA,NA,NA,NA
13S034507.250394402,ZM21-015:High_Chihuahua,N. Mexico High,27.16,-107.58,2100,NA,NA,NA,NA
13S036701.250394195,ZM17-038:Tarahumara_Golden_Cristalino,N. Mexico High,27.583,-107.78,2100,67.05062814,70.93711111,270.0190335,0.120485113
13S036805.250394196,ZM19-006:Tepehuan_Maiz_Colorado,N. Mexico High,26.25,-107,2100,67.89521075,72.01183417,273.7882205,-0.04669055
13S036806.250394197,ZM19-006:Tepehuan_Maiz_Colorado,N. Mexico High,26.25,-107,2100,68.74608602,71.08801545,279.040079,0.054303126
13S051212.250394198,ZM22-002:Tepehuan_Maiz_Rosero,N. Mexico High,26.25,-107,2100,NA,NA,NA,NA
13S057504.250394437,ZM16-006:Tepehaun_Elote,N. Mexico High,26.25,-107,2100,NA,NA,NA,NA
13S059408.250394420,ZM21-015:High_Chihuahua,N. Mexico High,27.16,-107.58,2100,70.58247068,71.7459779,271.082068,0.266133877
RIMMA0425.1.250049174,Mex_High:Palomero_Tipo_Chihuahua,N. Mexico High,26.81666667,-107.0666667,2130,NA,NA,NA,NA
RIMMA0416.1.250049185,Mex_High:Cristalino_de_Chihuahua,N. Mexico High,29.35,-107.75,2140,NA,NA,NA,NA
13S015804.250394292,ZM16-004:Tarahumara_Cusarare,N. Mexico High,27.35,-107.5,2190,NA,NA,NA,NA
13S052205.250394376,ZM16-004:Tarahumara_Cusarare,N. Mexico High,27.35,-107.5,2190,NA,NA,NA,NA
13S055304.250394427,ZM15-027:Tarahumara_Bofo,N. Mexico High,27.35,-107.5,2190,NA,NA,NA,NA
13S011801.250394076,ZM15-027:Tarahumara_Bofo,N. Mexico High,27.35,-107.5,2190,NA,NA,NA,NA
13S015805.250394293,ZM16-004:Tarahumara_Cusarare,N. Mexico High,27.35,-107.5,2190,NA,NA,NA,NA
13S032401.250394187,ZM15-027:Tarahumara_Bofo,N. Mexico High,27.35,-107.5,2190,NA,NA,NA,NA
13S015205.250394122,ZM13-022:Tarahumara_Apachito,N. Mexico High,27.47,-107.37,2200,NA,NA,NA,NA
13S017902.250394136,ZM17-026:Tarahumara_Rosacame,N. Mexico High,27.917,-107.6,2200,NA,NA,NA,NA
13S018903.250394142,ZM15-015:Tarahumara_Maiz_Azul,N. Mexico High,27.78231,-107.4971,2200,NA,NA,NA,NA
13S039114.250394145,ZM17-026:Tarahumara_Rosacame,N. Mexico High,27.917,-107.6,2200,68.55776107,71.14688377,274.475064,0.001621521
13S059806.250394445,ZM15-015:Tarahumara_Maiz_Azul,N. Mexico High,27.78231,-107.4971,2200,NA,NA,NA,NA
13S039102.250394144,ZM17-026:Tarahumara_Rosacame,N. Mexico High,27.917,-107.6,2200,NA,NA,NA,NA
13S059801.250394444,ZM15-015:Tarahumara_Maiz_Azul,N. Mexico High,27.78231,-107.4971,2200,NA,NA,NA,NA
13S059807.250394446,ZM15-015:Tarahumara_Maiz_Azul,N. Mexico High,27.78231,-107.4971,2200,NA,NA,NA,NA
13S013502.250394085,ZM21-006:High_Tarahumara,N. Mexico High,26.97,-106.78,2275,NA,NA,NA,NA
13S049606.250394411,ZM21-006:High_Tarahumara,N. Mexico High,26.97,-106.78,2275,68.34744631,70.63033886,267.6845444,-0.09438675
13S013504.250394338,ZM21-006:High_Tarahumara,N. Mexico High,26.97,-106.78,2275,NA,NA,NA,NA
13S018002.250394137,ZM19-020:Tarahumara_Conico,N. Mexico High,27.27034,-107.1361,2280,66.7097302,67.70891591,253.6206227,-0.028016834
13S058603.250394443,ZM19-020:Tarahumara_Conico,N. Mexico High,27.27034,-107.1361,2280,NA,NA,NA,NA
13S034108.250394191,ZM19-020:Tarahumara_Conico,N. Mexico High,27.27034,-107.1361,2280,NA,NA,NA,NA
13S011703.250394073,ZM20-008:Tarahumara,N. Mexico High,28.06785,-108.0458,2300,66.8393239,68.21486057,242.0116064,-0.063965778
13S011707.250394075,ZM20-008:Tarahumara,N. Mexico High,28.06785,-108.0458,2300,NA,NA,NA,NA
13S014401.250394372,ZM22-006:Tarahumara_Serrano,N. Mexico High,28.06785,-108.0458,2300,66.99403564,69.1493423,261.033391,-0.089014719
13S019001.250394050,ZM19-026:Tarahumara_Conico_Amarillo,N. Mexico High,28.06785,-108.0458,2300,NA,NA,NA,NA
13S019002.250394051,ZM19-026:Tarahumara_Conico_Amarillo,N. Mexico High,28.06785,-108.0458,2300,64.92900562,67.60569757,269.0654786,0.245769077
13S052106.250394202,ZM22-006:Tarahumara_Serrano,N. Mexico High,28.06785,-108.0458,2300,NA,NA,NA,NA
13S014402.250394119,ZM22-006:Tarahumara_Serrano,N. Mexico High,28.06785,-108.0458,2300,NA,NA,NA,NA
13S014403.250394120,ZM22-006:Tarahumara_Serrano,N. Mexico High,28.06785,-108.0458,2300,NA,NA,NA,NA
13S019009.250394052,ZM19-026:Tarahumara_Conico_Amarillo,N. Mexico High,28.06785,-108.0458,2300,NA,NA,NA,NA
13S037007.250394405,ZM22-006:Tarahumara_Serrano,N. Mexico High,28.06785,-108.0458,2300,69.62246905,72.74732559,270.0652224,0.032564174
13S053507.250394211,ZM20-008:Tarahumara,N. Mexico High,28.06785,-108.0458,2300,NA,NA,NA,NA
13S004005.250394022,ZM08-002:Tarahumara_Palomitas,N. Mexico High,27.43,-107.22,2375,NA,NA,NA,NA
13S010302.250394003,ZM17-009:Tarahumara_Pink_Bola,N. Mexico High,27.43,-107.22,2375,NA,NA,NA,NA
13S010306.250394004,ZM17-009:Tarahumara_Pink_Bola,N. Mexico High,27.43,-107.22,2375,NA,NA,NA,NA
13S017606.250394134,ZM17-035:Tarahumara_Serape,N. Mexico High,27.43,-107.22,2375,NA,NA,NA,NA
13S023402.250394163,ZM08-002:Tarahumara_Palomitas,N. Mexico High,27.43,-107.22,2375,NA,NA,NA,NA
13S058202.250394441,ZM17-035:Tarahumara_Serape,N. Mexico High,27.43,-107.22,2375,65.61153221,68.38125767,247.4346476,-0.003073541
13S017607.250394135,ZM17-035:Tarahumara_Serape,N. Mexico High,27.43,-107.22,2375,NA,NA,NA,NA
13S023401.250394162,ZM08-002:Tarahumara_Palomitas,N. Mexico High,27.43,-107.22,2375,NA,NA,NA,NA
13S040001.250394148,ZM17-035:Tarahumara_Serape,N. Mexico High,27.43,-107.22,2375,NA,NA,NA,NA
13S047001.250394267,ZM08-002:Tarahumara_Palomitas,N. Mexico High,27.43,-107.22,2375,NA,NA,NA,NA
13S053406.250394210,ZM17-009:Tarahumara_Pink_Bola,N. Mexico High,27.43,-107.22,2375,NA,NA,NA,NA
13S016502.250394125,ZM14-010:Tarahumara_Rosari,N. Mexico High,28,-108,2400,NA,NA,NA,NA
13S016509.250394127,ZM14-010:Tarahumara_Rosari,N. Mexico High,28,-108,2400,66.10028532,68.97556697,257.2391201,0.080491172
13S018701.250394139,ZM19-003:Tarahumara_Pepitillo,N. Mexico High,27.7,-107.42,2400,NA,NA,NA,NA
13S036307.250394194,ZM14-006:Tarahumara_Gordo,N. Mexico High,27.7,-107.42,2400,NA,NA,NA,NA
13S053005.250394208,ZM14-006:Tarahumara_Gordo,N. Mexico High,27.7,-107.42,2400,NA,NA,NA,NA
13S057608.250394438,ZM19-003:Tarahumara_Pepitillo,N. Mexico High,27.7,-107.42,2400,64.94291963,67.87575476,230.0207847,-0.087905722
RIMMA0424.1.250049162,Mex_High:Apachito,N. Mexico High,27.98333333,-107.5833333,2400,NA,NA,NA,NA
13S016505.250394126,ZM14-010:Tarahumara_Rosari,N. Mexico High,28,-108,2400,NA,NA,NA,NA
13S018704.250394140,ZM19-003:Tarahumara_Pepitillo,N. Mexico High,27.7,-107.42,2400,NA,NA,NA,NA
13S053002.250394206,ZM14-006:Tarahumara_Gordo,N. Mexico High,27.7,-107.42,2400,NA,NA,NA,NA
13S053003.250394207,ZM14-006:Tarahumara_Gordo,N. Mexico High,27.7,-107.42,2400,NA,NA,NA,NA
13S057902.250394439,ZM14-010:Tarahumara_Rosari,N. Mexico High,28,-108,2400,NA,NA,NA,NA
13S014002.250394118,ZM13-017:Apachito_Chihuahua,N. Mexico High,29.18525,-108.1295,2408,NA,NA,NA,NA
13S054803.250394426,ZM13-017:Apachito_Chihuahua,N. Mexico High,29.18525,-108.1295,2408,NA,NA,NA,NA
13S054802.250394378,ZM13-017:Apachito_Chihuahua,N. Mexico High,29.18525,-108.1295,2408,NA,NA,NA,NA
13S009901.250394001,ZM19-012:Pepitillo,N. Mexico High,26.33333,-106.6667,3000,NA,NA,NA,NA
13S059905.250394447,ZM19-012:Pepitillo,N. Mexico High,26.33333,-106.6667,3000,61.97308453,64.04367456,226.9100514,-0.09612025
13S009902.250394002,ZM19-012:Pepitillo,N. Mexico High,26.33333,-106.6667,3000,NA,NA,NA,NA
RIMMA0466.1.250049182,Andean:Confite_Puneno,S. America High,-14.31666667,-72.91666667,3600,NA,NA,NA,NA
RIMMA0468.1.250049158,Andean:Sarco,S. America High,-9.383333333,-77.16666667,3150,NA,NA,NA,NA
RIMMA0473.1.250049164,Andean:Sabanero,S. America High,1.083333333,-77.61666667,3104,NA,NA,NA,NA
RIMMA0665.1.250049178,Andean:Racimo_de_Uva,S. America High,-0.916666667,-78.91666667,2931,NA,NA,NA,NA
RIMMA0431.1.250049153,Andean:Perlilla,S. America High,-8.65,-77.08333333,2900,NA,NA,NA,NA
RIMMA0438.1.250049170,Andean:Maranon,S. America High,-8.7,-77.38333333,2820,NA,NA,NA,NA
RIMMA0467.1.250049132,Andean:Paro,S. America High,-13.58333333,-72.91666667,2800,NA,NA,NA,NA
RIMMA0437.1.250049163,Andean:Ancashino,S. America High,-9.266666667,-77.63333333,2688,NA,NA,NA,NA
RIMMA0430.1.250049150,Andean:Sarco,S. America High,-9.166666667,-77.73333333,2585,NA,NA,NA,NA
RIMMA0426.1.250049186,Andean:Rabo_de_Zorro,S. America High,-9.066666667,-77.81666667,2500,NA,NA,NA,NA
RIMMA0465.1.250049154,Andean:Huarmaca,S. America High,-5.566666667,-79.53333333,2300,NA,NA,NA,NA
RIMMA0656.1.250049189,Andean:Culli,S. America High,-23.2,-65.35,2287,NA,NA,NA,NA
RIMMA0657.1.250049201,Andean:Chake_Sara,S. America High,-17.5,-65.66666667,2201,NA,NA,NA,NA
RIMMA0667.1.250049190,Andean:Patillo,S. America High,-21.83333333,-64.13333333,2201,NA,NA,NA,NA
RIMMA0436.1.250049142,Andean:Morocho_Cajabambin,S. America High,-6.15,-77.91666667,2200,NA,NA,NA,NA
RIMMA0661.1.250049123,Andean:Chillo,S. America High,-2.85,-78.66666667,2195,NA,NA,NA,NA
RIMMA0662.1.250049134,Andean:Cuzco,S. America High,0,-78,2195,NA,NA,NA,NA
RIMMA0664.1.250049166,Andean:Blanco_Blandito,S. America High,0.366666667,-78.41666667,2122,NA,NA,NA,NA
RIMMA0663.1.250049144,Andean:Mishca,S. America High,0.433333333,-78.2,2067,NA,NA,NA,NA
RIMMA0658.1.250049115,Andean:Uchuquilla,S. America High,-21.83333333,-64.13333333,1948,NA,NA,NA,NA
RIMMA0464.1.250049114,Andean:Chullpi,S. America High,-12.33333333,-74.7,1800,NA,NA,NA,NA
RIMMA0462.1.250049199,SA_Low:Amagaceno,S. America Low,1.6,-77.15,1700,NA,NA,NA,NA
RIMMA0388.1.250049195,SA_Low:Amagaceno,S. America Low,6.85,-75.28333333,1500,NA,NA,NA,NA
RIMMA0404.1.250049121,SA_Low:Puya_Grande,S. America Low,7.3,-72.51666667,1500,NA,NA,NA,NA
RIMMA0396.1.250049172,SA_Low:Caqueteno,S. America Low,2.583333333,-75.3,1100,NA,NA,NA,NA
RIMMA0691.1.250049116,SA_Low:Cacao,S. America Low,6.55,-73.13333333,1098,NA,NA,NA,NA
RIMMA0708.1.250049192,SA_Low:Yunquillano_F_Anda,S. America Low,-3.5,-78.6,1098,NA,NA,NA,NA
RIMMA0394.2.250049160,SA_Low:Pira,S. America Low,4.783333333,-74.68333333,1000,NA,NA,NA,NA
RIMMA0403.2.250049113,SA_Low:Pira_Naranja,S. America Low,1.25,-77.51666667,1000,NA,NA,NA,NA
RIMMA0428.1.250049198,SA_Low:Aleman,S. America Low,-9.3,-76,700,NA,NA,NA,NA
RIMMA0392.1.250049128,SA_Low:Andaqui,S. America Low,1.75,-75.58333333,555,NA,NA,NA,NA
RIMMA0406.1.250049129,SA_Low:Yucatan,S. America Low,4.966666667,-74.9,450,NA,NA,NA,NA
RIMMA0390.1.250049120,SA_Low:Comun,S. America Low,4.516666667,-75.63333333,353,NA,NA,NA,NA
RIMMA0399.1.250049196,SA_Low:Cariaco,S. America Low,10.18333333,-74.05,250,NA,NA,NA,NA
RIMMA0690.1.250049203,SA_Low:Puya,S. America Low,8.316666667,-73.63333333,250,NA,NA,NA,NA
RIMMA0393.1.250049140,SA_Low:Costeno,S. America Low,8.316666667,-75.15,100,NA,NA,NA,NA
RIMMA0397.1.250049184,SA_Low:Negrito,S. America Low,11.55,-72.91666667,50,NA,NA,NA,NA
RIMMA0395.2.250049141,SA_Low:Negrito,S. America Low,8.5,-77.26666667,30,NA,NA,NA,NA
RIMMA0707.1.250049180,SA_Low:Tuxpeno,S. America Low,-1.066666667,-80.46666667,30,NA,NA,NA,NA
RIMMA0398.1.250049148,SA_Low:Puya,S. America Low,9.433333333,-75.7,27,NA,NA,NA,NA